# service	build	release   (generated by tools/viewer_builds.py)
P2U	20031006_0	1.11.00(d50)
P2U	20031106_0	1.11.00f
P2U	20031206_2	1.11.00l
P2U	20031206_3	1.11.00m
P2U	20040706_3	1.14.00c
P2U	20041207_3	1.14.05c
P2U	20050301_J	1.15.00
P2U	20050322_4	1.15.01a
P2U	20050419_8	1.15.02
P2U	20050419_B	1.15.02c
P2U	20050712_8	1.15.03a
P2U	20050805_2	1.15.04b
P2U	20051004_3	1.15.05
P2U	20051206_I	1.16.01b
P2U	20051227_B	1.16.02a
P2U	20060124_F	1.16.03
P2U	20060221_B	1.16.04a
P2U	20060307_0	1.16.05
P2U	20060418_A	1.17.01
P2U	20060718_G	1.17.02e
P2U	20060718_I	1.17.02h
P2U	20061017_2	1.17.03c
P2U	20061212_0	1.17.04
P2U	20070306_C	1.18.01
P2U	20070710_0	1.18.02
P2U	20070911_6	1.18.04
P2U	20071023_6	1.18.05a
P2U	20071120_8	1.18.06
P2U	20080311_0	1.18.08
P2U	20080415_5	1.18.09
P2U	20080610_0	1.18.10
P2U	20081127_3	1.18.11
P2U	20081127_5	1.18.11b
P2U	20090407_A	1.18.12
P2U	20090415_0	1.18.12a
P2U	20090723_0	1.18.12b
P2U	20091222_A	1.18.13
P2U	20100121_A	1.18.13a
P2U	20110130_A	1.18.14a
P2U	20110726_A	1.18.15a
P2U	20120610_A	1.18.15f
P2U	20150901_X	goodbye!
PS2	20020516_3	Ver.1.05.00c
PS2	20020516_4	Ver.1.05.00d
PS2	20040706_2	1.14.00b
PS2	20041207_3	1.14.05c
PS2	20050301_J	1.15.00
PS2	20050322_4	1.15.01a
PS2	20050419_8	1.15.02
PS2	20050419_A	1.15.02b
PS2	20050712_8	1.15.03a
PS2	20050805_2	1.15.04b
PS2	20050805_7	1.15.04g
PS2	20050830_6	1.15.04x
PS2	20051004_3	1.15.05
PS2	20051206_I	1.16.01b
PS2	20051227_B	1.16.02a
PS2	20060124_F	1.16.03
PS2	20060221_B	1.16.04a
PS2	20060307_0	1.16.05
PS2	20060418_A	1.17.01
PS2	20060718_G	1.17.02e
PS2	20060718_I	1.17.02h
PS2	20061017_2	1.17.03c
PS2	20061212_0	1.17.04
PS2	20070306_C	1.18.01
PS2	20070710_0	1.18.02
PS2	20070911_6	1.18.04
PS2	20071023_6	1.18.05a
PS2	20071120_8	1.18.06
PS2	20080311_0	1.18.08
PS2	20080415_5	1.18.09
PS2	20080610_0	1.18.10
PS2	20081127_3	1.18.11
PS2	20081127_5	1.18.11b
PS2	20090407_A	1.18.12
PS2	20090415_0	1.18.12a
PS2	20091222_A	1.18.13
PS2	20100121_A	1.18.13a
PS2	20100903_0	1.18.14(a50)
PS2	20110130_A	1.18.14a
PS2	20110726_A	1.18.15a
PS2	20120610_A	1.18.15f
PS2	20150901_X	goodbye!
W20	20020920_E	1.08.00
W20	20061212_3	1.17.04c
W20	20070306_F	1.18.01
W20	20070710_0	1.18.02
W20	20070911_6	1.18.04
W20	20071023_6	1.18.05a
W20	20071120_8	1.18.06
W20	20080311_0	1.18.08
W20	20080415_6	1.18.09a
W20	20080610_1	1.18.10a
W20	20080610_2	1.18.10b
W20	20080610_3	1.18.10c
W20	20080610_4	1.18.10d
W20	20080610_5	1.18.10e
W20	20081127_3	1.18.11
W20	20081127_4	1.18.11a
W20	20090407_A	1.18.12
W20	20090415_0	1.18.12a
W20	20091222_A	1.18.13
W20	20100126_A	1.18.13a
W20	20110726_A	1.18.15a
W20	20110829_E	1.18.15e
W2U	20030909_A	1.10.00c
W2U	20061212_3	1.17.04c
W2U	20070306_F	1.18.01
W2U	20070710_0	1.18.02
W2U	20070911_6	1.18.04
W2U	20071023_6	1.18.05a
W2U	20071120_8	1.18.06
W2U	20080311_0	1.18.08
W2U	20080415_6	1.18.09a
W2U	20080610_1	1.18.10a
W2U	20080610_2	1.18.10b
W2U	20080610_3	1.18.10c
W2U	20080610_4	1.18.10d
W2U	20080610_5	1.18.10e
W2U	20081127_3	1.18.11
W2U	20081127_4	1.18.11a
W2U	20090407_A	1.18.12
W2U	20090415_0	1.18.12a
W2U	20090723_0	1.18.12b
W2U	20091222_A	1.18.13
W2U	20100126_A	1.18.13a
W2U	20110726_A	1.18.15a
W2U	20110829_E	1.18.15e
X2U	20060215_W	1.17.00w
X2U	20060418_O	1.17.01b
X2U	20060418_P	1.17.01c
X2U	20060418_Q	1.17.01d
X2U	20060718_O	1.17.02e
X2U	20060718_Q	1.17.02g
X2U	20060718_T	1.17.02j
X2U	20061017_2	1.17.03c
X2U	20061017_3	1.17.03e
X2U	20061212_0	1.17.04
X2U	20061212_1	1.17.04c
X2U	20070306_F	1.18.01b
X2U	20070710_0	1.18.02
X2U	20070911_6	1.18.04
X2U	20071023_6	1.18.05a
X2U	20071120_8	1.18.06
X2U	20080115_5	1.18.07
X2U	20080311_0	1.18.08
X2U	20080415_5	1.18.09
X2U	20080610_0	1.18.10
X2U	20081127_3	1.18.11
X2U	20081127_4	1.18.11a
X2U	20090407_A	1.18.12
X2U	20090415_0	1.18.12a
X2U	20090723_0	1.18.12b
X2U	20091222_A	1.18.13
X2U	20100601_1	1.18.13b
X2U	20110130_A	1.18.14a
X2U	20110726_A	1.18.15a
X2U	20150901_X	goodbye!
XB2	20060215_W	1.17.00w
XB2	20060418_O	1.17.01b
XB2	20060418_P	1.17.01c
XB2	20060418_Q	1.17.01d
XB2	20060718_O	1.17.02e
XB2	20060718_T	1.17.02j
XB2	20061017_2	1.17.03c
XB2	20061017_3	1.17.03e
XB2	20061212_0	1.17.04
XB2	20061212_1	1.17.04c
XB2	20070306_F	1.18.01b
XB2	20070710_0	1.18.02
XB2	20070911_6	1.18.04
XB2	20071023_6	1.18.05a
XB2	20071120_8	1.18.06
XB2	20080115_5	1.18.07
XB2	20080311_0	1.18.08
XB2	20080415_5	1.18.09
XB2	20080610_0	1.18.10
XB2	20081127_3	1.18.11
XB2	20081127_4	1.18.11a
XB2	20090407_A	1.18.12
XB2	20090415_0	1.18.12a
XB2	20091222_A	1.18.13
XB2	20100601_0	1.18.13a
XB2	20110130_A	1.18.14a
XB2	20110726_A	1.18.15a
XB2	20150901_X	goodbye!
